"siteid";"regionid";"uaaid";"countryid";"name";"elevation";"latitude";"longitude";"updated"
1;3;2;1;"Norwich";33.5;52.3346;2.4333;142166546
2;3;2;1;"Great Yarmouth";33.5;52.7886;2.6333;142166546
3;3;2;2;"Lowestoft";33.5;52.3886;2.6333;142166546
4;2;1;3;"Cambridge";12.3;52.4343;2.3443;1425646546
5;2;1;4;"St Neots";96.3;52.5343;2.6473;1425646546
6;2;1;5;"Kings Lynn";133.7;52.2343;2.6474;1425646546
7;1;1;2;"Test Site 2";23.6;52.4452;2.4543;14454344
8;1;1;3;"Test Site 3";12.8;52.4453;2.4543;14454345
9;1;1;4;"Test Site 4";15.8;52.4454;2.4543;14454346
10;1;1;5;"Test Site 5";35.2;52.4455;2.4543;14454347
11;1;1;1;"Test Site 6";156.6;52.4456;2.4544;14454348
12;1;1;2;"Test Site 7";389.4;52.4457;2.4544;14454349
13;1;1;3;"Test Site 8";56.7;52.4458;2.4544;14454350
14;2;2;4;"Test Site 9";358.8;52.4459;2.4544;14454351
15;2;2;5;"Test Site 10";45.9;52.446;2.4544;14454352
16;2;2;1;"Test Site 11";12.4;52.4461;2.4544;14454353
17;2;3;2;"Test Site 12";13.7;52.4462;2.4544;14454354
18;2;3;3;"Test Site 13";95.6;52.4463;2.4544;14454355
19;2;1;4;"Test Site 14";75.3;52.4464;2.4544;14454356
20;2;2;5;"Test Site 15";745.2;52.4465;2.4544;14454357
21;2;3;1;"Test Site 16";125.5;52.4466;2.4545;14454358
22;3;2;2;"Test Site 17";95.7;52.4467;2.4545;14454359
23;3;3;3;"Test Site 18";125.5;52.4468;2.4545;14454360
24;3;3;4;"Test Site 19";169.5;52.4469;2.4545;14454361
25;3;2;5;"Test Site 20";170.2;52.447;2.4546;14454362
26;2;1;1;"Test Site 21";170.3;52.4471;2.4546;14454363
27;2;1;2;"Test Site 22";170.4;52.4472;2.4546;14454364
28;1;1;3;"Test Site 23";170.5;52.4473;2.4546;14454365
29;1;3;4;"Test Site 24";170.6;52.4474;2.4547;14454366
30;1;2;5;"Test Site 25";170.7;52.4475;2.4547;14454367
31;3;2;1;"Test Site 26";170.8;52.4476;2.4547;14454368
32;3;2;2;"Test Site 27";170.9;52.4477;2.4547;14454369
33;3;2;3;"Test Site 28";171.0;52.4478;2.4548;14454370
34;2;1;4;"Test Site 29";171.1;52.4479;2.4548;14454371
35;2;1;5;"Test Site 30";171.2;52.448;2.4548;14454372
36;2;1;1;"Test Site 31";171.3;52.4481;2.4548;14454373
37;1;1;2;"Test Site 32";171.4;52.4482;2.4549;14454374
38;1;1;3;"Test Site 33";171.5;52.4483;2.4549;14454375
39;1;1;4;"Test Site 34";171.6;52.4484;2.4549;14454376
40;1;1;5;"Test Site 35";171.7;52.4485;2.455;14454377
41;1;1;1;"Test Site 36";171.8;52.4486;2.455;14454378
42;1;1;2;"Test Site 37";171.9;52.4487;2.455;14454379
43;1;1;3;"Test Site 38";172.0;52.4488;2.455;14454380
44;2;2;4;"Test Site 39";172.1;52.4489;2.4551;14454381
45;2;2;5;"Test Site 40";172.2;52.449;2.4551;14454382
46;2;2;1;"Test Site 41";172.3;52.4491;2.4551;14454383
47;2;3;2;"Test Site 42";172.4;52.4492;2.4551;14454384
48;2;3;3;"Test Site 43";172.5;52.4493;2.4552;14454385
49;2;1;4;"Test Site 44";172.6;52.4494;2.4552;14454386
50;2;2;5;"Test Site 45";172.7;52.4495;2.4552;14454387
51;2;3;1;"Test Site 46";172.8;52.4496;2.4552;14454388
52;3;2;1;"Test Site 47";172.9;52.4497;2.4553;14454389
53;3;3;1;"Test Site 48";173.0;52.4498;2.4553;14454390
54;3;3;1;"Test Site 49";173.1;52.4499;2.4553;14454391
55;3;2;1;"Test Site 50";173.2;52.45;2.4553;14454392
56;2;1;1;"Test Site 51";173.3;52.4501;2.4554;14454393
57;2;1;1;"Test Site 52";173.4;52.4502;2.4554;14454394
58;1;1;1;"Test Site 53";173.5;52.4503;2.4554;14454395
59;1;3;1;"Test Site 54";173.6;52.4504;2.4554;14454396
60;1;2;1;"Test Site 55";173.7;52.4505;2.4555;14454397
61;3;2;1;"Test Site 56";173.8;52.4506;2.4555;14454398
62;3;2;1;"Test Site 57";173.9;52.4507;2.4555;14454399
63;3;2;1;"Test Site 58";174.0;52.4508;2.4555;14454400
64;2;1;1;"Test Site 59";174.1;52.4509;2.4556;14454401
65;2;1;1;"Test Site 60";174.2;52.451;2.4556;14454402
66;2;1;1;"Test Site 61";174.3;52.4511;2.4556;14454403
67;1;1;1;"Test Site 62";174.4;52.4512;2.4556;14454404
68;1;1;1;"Test Site 63";174.5;52.4513;2.4557;14454405
69;1;1;1;"Test Site 64";174.6;52.4514;2.4557;14454406
70;1;1;1;"Test Site 65";174.7;52.4515;2.4557;14454407
71;1;1;1;"Test Site 66";174.8;52.4516;2.4557;14454408
72;1;1;1;"Test Site 67";174.9;52.4517;2.4558;14454409
73;1;1;1;"Test Site 68";175.0;52.4518;2.4558;14454410
74;2;2;1;"Test Site 69";175.1;52.4519;2.4558;14454411
75;2;2;1;"Test Site 70";175.2;52.452;2.4559;14454412
76;2;2;1;"Test Site 71";175.3;52.4521;2.4559;14454413
77;2;3;1;"Test Site 72";175.4;52.4522;2.4559;14454414
78;2;3;1;"Test Site 73";175.5;52.4523;2.4559;14454415
79;2;1;1;"Test Site 74";175.6;52.4524;2.456;14454416
80;2;2;1;"Test Site 75";175.7;52.4525;2.456;14454417
81;2;3;1;"Test Site 76";175.8;52.4526;2.456;14454418
82;3;2;1;"Test Site 77";175.9;52.4527;2.456;14454419
83;3;3;1;"Test Site 78";176.0;52.4528;2.4561;14454420
84;3;3;1;"Test Site 79";176.1;52.4529;2.4561;14454421
85;3;2;1;"Test Site 80";176.2;52.453;2.4561;14454422
86;2;1;1;"Test Site 81";176.3;52.4531;2.4561;14454423
87;2;1;1;"Test Site 82";176.4;52.4532;2.4562;14454424
88;1;1;1;"Test Site 83";176.5;52.4533;2.4562;14454425
89;1;3;1;"Test Site 84";176.6;52.4534;2.4562;14454426
90;1;2;1;"Test Site 85";176.7;52.4535;2.4562;14454427
91;3;2;1;"Test Site 86";176.8;52.4536;2.4563;14454428
92;3;2;1;"Test Site 87";176.9;52.4537;2.4563;14454429
93;3;2;1;"Test Site 88";177.0;52.4538;2.4563;14454430
94;2;1;1;"Test Site 89";177.1;52.4539;2.4563;14454431
95;2;1;1;"Test Site 90";177.2;52.454;2.4564;14454432
96;2;1;1;"Test Site 91";177.3;52.4541;2.4564;14454433
97;1;1;1;"Test Site 92";177.4;52.4542;2.4564;14454434
98;1;1;1;"Test Site 93";177.5;52.4543;2.4564;14454435
99;1;1;1;"Test Site 94";177.6;52.4544;2.4565;14454436
100;1;1;1;"Test Site 95";177.7;52.4545;2.4565;14454437
101;1;1;1;"Test Site 96";177.8;52.4546;2.4565;14454438
102;1;1;1;"Test Site 97";177.9;52.4547;2.4565;14454439
103;1;1;1;"Test Site 98";178.0;52.4548;2.4566;14454440
104;2;2;1;"Test Site 99";178.1;52.4549;2.4566;14454441
105;2;2;1;"Test Site 100";178.2;52.455;2.4566;14454442
106;2;2;1;"Test Site 101";178.3;52.4551;2.4566;14454443
107;2;3;1;"Test Site 102";178.4;52.4552;2.4567;14454444
108;2;3;1;"Test Site 103";178.5;52.4553;2.4567;14454445
109;2;1;1;"Test Site 104";178.6;52.4554;2.4567;14454446
110;2;2;1;"Test Site 105";178.7;52.4555;2.4568;14454447
111;2;3;1;"Test Site 106";178.8;52.4556;2.4568;14454448
112;3;2;1;"Test Site 107";178.9;52.4557;2.4568;14454449
113;3;3;1;"Test Site 108";179.0;52.4558;2.4568;14454450
114;3;3;1;"Test Site 109";179.1;52.4559;2.4569;14454451
115;3;2;1;"Test Site 110";179.2;52.456;2.4569;14454452
116;2;1;1;"Test Site 111";179.3;52.4561;2.4569;14454453
117;2;1;1;"Test Site 112";179.4;52.4562;2.4569;14454454
118;1;1;1;"Test Site 113";179.5;52.4563;2.457;14454455
119;1;3;1;"Test Site 114";179.6;52.4564;2.457;14454456
120;1;2;1;"Test Site 115";179.7;52.4565;2.457;14454457
121;3;2;1;"Test Site 116";179.8;52.4566;2.457;14454458
122;3;2;1;"Test Site 117";179.9;52.4567;2.4571;14454459
123;3;2;1;"Test Site 118";180.0;52.4568;2.4571;14454460
124;2;1;1;"Test Site 119";180.1;52.4569;2.4571;14454461
125;2;1;1;"Test Site 120";180.2;52.457;2.4571;14454462
126;2;1;1;"Test Site 121";180.3;52.4571;2.4572;14454463
127;1;1;1;"Test Site 122";180.4;52.4572;2.4572;14454464
128;1;1;1;"Test Site 123";180.5;52.4573;2.4572;14454465
129;1;1;1;"Test Site 124";180.6;52.4574;2.4572;14454466
130;1;1;1;"Test Site 125";180.7;52.4575;2.4573;14454467
131;1;1;1;"Test Site 126";180.8;52.4576;2.4573;14454468
132;1;1;1;"Test Site 127";180.9;52.4577;2.4573;14454469
133;1;1;1;"Test Site 128";181.0;52.4578;2.4573;14454470
134;2;2;1;"Test Site 129";181.1;52.4579;2.4574;14454471
135;2;2;1;"Test Site 130";181.2;52.458;2.4574;14454472
136;2;2;1;"Test Site 131";181.3;52.4581;2.4574;14454473
137;2;3;1;"Test Site 132";181.4;52.4582;2.4574;14454474
138;2;3;1;"Test Site 133";181.5;52.4583;2.4575;14454475
139;2;1;1;"Test Site 134";181.6;52.4584;2.4575;14454476
140;2;2;1;"Test Site 135";181.7;52.4585;2.4575;14454477
141;2;3;1;"Test Site 136";181.8;52.4586;2.4575;14454478
142;3;2;1;"Test Site 137";181.9;52.4587;2.4576;14454479
143;3;3;1;"Test Site 138";182.0;52.4588;2.4576;14454480
144;3;3;1;"Test Site 139";182.1;52.4589;2.4576;14454481
145;3;2;1;"Test Site 140";182.2;52.459;2.4577;14454482
146;2;1;1;"Test Site 141";182.3;52.4591;2.4577;14454483
147;2;1;1;"Test Site 142";182.4;52.4592;2.4577;14454484
148;1;1;1;"Test Site 143";182.5;52.4593;2.4577;14454485
149;1;3;1;"Test Site 144";182.6;52.4594;2.4578;14454486
150;1;2;1;"Test Site 145";182.7;52.4595;2.4578;14454487
151;3;2;1;"Test Site 146";182.8;52.4596;2.4578;14454488
152;3;2;1;"Test Site 147";182.9;52.4597;2.4578;14454489
153;3;2;1;"Test Site 148";183.0;52.4598;2.4579;14454490
154;2;1;1;"Test Site 149";183.1;52.4599;2.4579;14454491
155;2;1;1;"Test Site 150";183.2;52.46;2.4579;14454492
156;2;1;1;"Test Site 151";183.3;52.4601;2.4579;14454493
157;1;1;1;"Test Site 152";183.4;52.4602;2.458;14454494
158;1;1;1;"Test Site 153";183.5;52.4603;2.458;14454495
159;1;1;1;"Test Site 154";183.6;52.4604;2.458;14454496
160;1;1;1;"Test Site 155";183.7;52.4605;2.458;14454497
161;1;1;1;"Test Site 156";183.8;52.4606;2.4581;14454498
162;1;1;1;"Test Site 157";183.9;52.4607;2.4581;14454499
163;1;1;1;"Test Site 158";184.0;52.4608;2.4581;14454500
164;2;2;1;"Test Site 159";184.1;52.4609;2.4581;14454501
165;2;2;1;"Test Site 160";184.2;52.461;2.4582;14454502
166;2;2;1;"Test Site 161";184.3;52.4611;2.4582;14454503
167;2;3;1;"Test Site 162";184.4;52.4612;2.4582;14454504
168;2;3;1;"Test Site 163";184.5;52.4613;2.4582;14454505
169;2;1;1;"Test Site 164";184.6;52.4614;2.4583;14454506
170;2;2;1;"Test Site 165";184.7;52.4615;2.4583;14454507
171;2;3;1;"Test Site 166";184.8;52.4616;2.4583;14454508
172;3;2;1;"Test Site 167";184.9;52.4617;2.4583;14454509
173;3;3;1;"Test Site 168";185.0;52.4618;2.4584;14454510
174;3;3;1;"Test Site 169";185.1;52.4619;2.4584;14454511
175;3;2;1;"Test Site 170";185.2;52.462;2.4584;14454512
176;2;1;1;"Test Site 171";185.3;52.4621;2.4584;14454513
177;2;1;1;"Test Site 172";185.4;52.4622;2.4585;14454514
178;1;1;1;"Test Site 173";185.5;52.4623;2.4585;14454515
179;1;3;1;"Test Site 174";185.6;52.4624;2.4585;14454516
180;1;2;1;"Test Site 175";185.7;52.4625;2.4586;14454517
181;3;2;1;"Test Site 176";185.8;52.4626;2.4586;14454518
182;3;2;1;"Test Site 177";185.9;52.4627;2.4586;14454519
183;3;2;1;"Test Site 178";186.0;52.4628;2.4586;14454520
184;2;1;1;"Test Site 179";186.1;52.4629;2.4587;14454521
185;2;1;1;"Test Site 180";186.2;52.463;2.4587;14454522
186;2;1;1;"Test Site 181";186.3;52.4631;2.4587;14454523
187;1;1;1;"Test Site 182";186.4;52.4632;2.4587;14454524
188;1;1;1;"Test Site 183";186.5;52.4633;2.4588;14454525
189;1;1;1;"Test Site 184";186.6;52.4634;2.4588;14454526
190;1;1;1;"Test Site 185";186.7;52.4635;2.4588;14454527
191;1;1;1;"Test Site 186";186.8;52.4636;2.4588;14454528
192;1;1;1;"Test Site 187";186.9;52.4637;2.4589;14454529
193;1;1;1;"Test Site 188";187.0;52.4638;2.4589;14454530
194;2;2;1;"Test Site 189";187.1;52.4639;2.4589;14454531
195;2;2;1;"Test Site 190";187.2;52.464;2.4589;14454532
196;2;2;1;"Test Site 191";187.3;52.4641;2.459;14454533
197;2;3;1;"Test Site 192";187.4;52.4642;2.459;14454534
198;2;3;1;"Test Site 193";187.5;52.4643;2.459;14454535
199;2;1;1;"Test Site 194";187.6;52.4644;2.459;14454536
200;2;2;1;"Test Site 195";187.7;52.4645;2.4591;14454537
201;2;3;1;"Test Site 196";187.8;52.4646;2.4591;14454538
202;3;2;1;"Test Site 197";187.9;52.4647;2.4591;14454539
203;3;3;1;"Test Site 198";188.0;52.4648;2.4591;14454540
204;3;3;1;"Test Site 199";188.1;52.4649;2.4592;14454541
205;3;2;1;"Test Site 200";188.2;52.465;2.4592;14454542
206;2;1;1;"Test Site 201";188.3;52.4651;2.4592;14454543
207;2;1;1;"Test Site 202";188.4;52.4652;2.4592;14454544
208;1;1;1;"Test Site 203";188.5;52.4653;2.4593;14454545
209;1;3;1;"Test Site 204";188.6;52.4654;2.4593;14454546
210;1;2;1;"Test Site 205";188.7;52.4655;2.4593;14454547
211;3;2;1;"Test Site 206";188.8;52.4656;2.4593;14454548
212;3;2;1;"Test Site 207";188.9;52.4657;2.4594;14454549
213;3;2;1;"Test Site 208";189.0;52.4658;2.4594;14454550
214;2;1;1;"Test Site 209";189.1;52.4659;2.4594;14454551
215;2;1;1;"Test Site 210";189.2;52.466;2.4595;14454552
216;2;1;1;"Test Site 211";189.3;52.4661;2.4595;14454553
217;1;1;1;"Test Site 212";189.4;52.4662;2.4595;14454554
218;1;1;1;"Test Site 213";189.5;52.4663;2.4595;14454555
219;1;1;1;"Test Site 214";189.6;52.4664;2.4596;14454556
220;1;1;1;"Test Site 215";189.7;52.4665;2.4596;14454557
221;1;1;1;"Test Site 216";189.8;52.4666;2.4596;14454558
222;1;1;1;"Test Site 217";189.9;52.4667;2.4596;14454559
223;1;1;1;"Test Site 218";190.0;52.4668;2.4597;14454560
224;2;2;1;"Test Site 219";190.1;52.4669;2.4597;14454561
225;2;2;1;"Test Site 220";190.2;52.467;2.4597;14454562
226;2;2;1;"Test Site 221";190.3;52.4671;2.4597;14454563
227;2;3;1;"Test Site 222";190.4;52.4672;2.4598;14454564
228;2;3;1;"Test Site 223";190.5;52.4673;2.4598;14454565
229;2;1;1;"Test Site 224";190.6;52.4674;2.4598;14454566
230;2;2;1;"Test Site 225";190.7;52.4675;2.4598;14454567
231;2;3;1;"Test Site 226";190.8;52.4676;2.4599;14454568
232;3;2;1;"Test Site 227";190.9;52.4677;2.4599;14454569
233;3;3;1;"Test Site 228";191.0;52.4678;2.4599;14454570
234;3;3;1;"Test Site 229";191.1;52.4679;2.4599;14454571
235;3;2;1;"Test Site 230";191.2;52.468;2.46;14454572
236;2;1;1;"Test Site 231";191.3;52.4681;2.46;14454573
237;2;1;1;"Test Site 232";191.4;52.4682;2.46;14454574
238;1;1;1;"Test Site 233";191.5;52.4683;2.46;14454575
239;1;3;1;"Test Site 234";191.6;52.4684;2.4601;14454576
240;1;2;1;"Test Site 235";191.7;52.4685;2.4601;14454577
241;3;2;1;"Test Site 236";191.8;52.4686;2.4601;14454578
242;3;2;1;"Test Site 237";191.9;52.4687;2.4601;14454579
243;3;2;1;"Test Site 238";192.0;52.4688;2.4602;14454580
244;2;1;1;"Test Site 239";192.1;52.4689;2.4602;14454581
245;2;1;1;"Test Site 240";192.2;52.469;2.4602;14454582
246;2;1;1;"Test Site 241";192.3;52.4691;2.4602;14454583
247;1;1;1;"Test Site 242";192.4;52.4692;2.4603;14454584
248;1;1;1;"Test Site 243";192.5;52.4693;2.4603;14454585
249;1;1;1;"Test Site 244";192.6;52.4694;2.4603;14454586
250;1;1;1;"Test Site 245";192.7;52.4695;2.4604;14454587
251;1;1;1;"Test Site 246";192.8;52.4696;2.4604;14454588
252;1;1;1;"Test Site 247";192.9;52.4697;2.4604;14454589
253;1;1;1;"Test Site 248";193.0;52.4698;2.4604;14454590
254;2;2;1;"Test Site 249";193.1;52.4699;2.4605;14454591
255;2;2;1;"Test Site 250";193.2;52.47;2.4605;14454592
256;2;2;1;"Test Site 251";193.3;52.4701;2.4605;14454593
257;2;3;1;"Test Site 252";193.4;52.4702;2.4605;14454594
258;2;3;1;"Test Site 253";193.5;52.4703;2.4606;14454595
259;2;1;1;"Test Site 254";193.6;52.4704;2.4606;14454596
260;2;2;1;"Test Site 255";193.7;52.4705;2.4606;14454597
261;2;3;1;"Test Site 256";193.8;52.4706;2.4606;14454598
262;3;2;1;"Test Site 257";193.9;52.4707;2.4607;14454599
263;3;3;1;"Test Site 258";194.0;52.4708;2.4607;14454600
264;3;3;1;"Test Site 259";194.1;52.4709;2.4607;14454601
265;3;2;1;"Test Site 260";194.2;52.471;2.4607;14454602
266;2;1;1;"Test Site 261";194.3;52.4711;2.4608;14454603
267;2;1;1;"Test Site 262";194.4;52.4712;2.4608;14454604
268;1;1;1;"Test Site 263";194.5;52.4713;2.4608;14454605
269;1;3;1;"Test Site 264";194.6;52.4714;2.4608;14454606
270;1;2;1;"Test Site 265";194.7;52.4715;2.4609;14454607
271;3;2;1;"Test Site 266";194.8;52.4716;2.4609;14454608
272;3;2;1;"Test Site 267";194.9;52.4717;2.4609;14454609
273;3;2;1;"Test Site 268";195.0;52.4718;2.4609;14454610
274;2;1;1;"Test Site 269";195.1;52.4719;2.461;14454611
275;2;1;1;"Test Site 270";195.2;52.472;2.461;14454612
276;2;1;1;"Test Site 271";195.3;52.4721;2.461;14454613
277;1;1;1;"Test Site 272";195.4;52.4722;2.461;14454614
278;1;1;1;"Test Site 273";195.5;52.4723;2.4611;14454615
279;1;1;1;"Test Site 274";195.6;52.4724;2.4611;14454616
280;1;1;1;"Test Site 275";195.7;52.4725;2.4611;14454617
281;1;1;1;"Test Site 276";195.8;52.4726;2.4611;14454618
282;1;1;1;"Test Site 277";195.9;52.4727;2.4612;14454619
283;1;1;1;"Test Site 278";196.0;52.4728;2.4612;14454620
284;2;2;1;"Test Site 279";196.1;52.4729;2.4612;14454621
285;2;2;1;"Test Site 280";196.2;52.473;2.4613;14454622
286;2;2;1;"Test Site 281";196.3;52.4731;2.4613;14454623
287;2;3;1;"Test Site 282";196.4;52.4732;2.4613;14454624
288;2;3;1;"Test Site 283";196.5;52.4733;2.4613;14454625
289;2;1;1;"Test Site 284";196.6;52.4734;2.4614;14454626
290;2;2;1;"Test Site 285";196.7;52.4735;2.4614;14454627
291;2;3;1;"Test Site 286";196.8;52.4736;2.4614;14454628
292;3;2;1;"Test Site 287";196.9;52.4737;2.4614;14454629
293;3;3;1;"Test Site 288";197.0;52.4738;2.4615;14454630
294;3;3;1;"Test Site 289";197.1;52.4739;2.4615;14454631
295;3;2;1;"Test Site 290";197.2;52.474;2.4615;14454632
296;2;1;1;"Test Site 291";197.3;52.4741;2.4615;14454633
297;2;1;1;"Test Site 292";197.4;52.4742;2.4616;14454634
298;1;1;1;"Test Site 293";197.5;52.4743;2.4616;14454635
299;1;3;1;"Test Site 294";197.6;52.4744;2.4616;14454636
300;1;2;1;"Test Site 295";197.7;52.4745;2.4616;14454637
301;3;2;1;"Test Site 296";197.8;52.4746;2.4617;14454638
302;3;2;1;"Test Site 297";197.9;52.4747;2.4617;14454639
303;3;2;1;"Test Site 298";198.0;52.4748;2.4617;14454640
304;2;1;1;"Test Site 299";198.1;52.4749;2.4617;14454641
305;2;1;1;"Test Site 300";198.2;52.475;2.4618;14454642
306;2;1;1;"Test Site 301";198.3;52.4751;2.4618;14454643
307;1;1;1;"Test Site 302";198.4;52.4752;2.4618;14454644
308;1;1;1;"Test Site 303";198.5;52.4753;2.4618;14454645
309;1;1;1;"Test Site 304";198.6;52.4754;2.4619;14454646
310;1;1;1;"Test Site 305";198.7;52.4755;2.4619;14454647
311;1;1;1;"Test Site 306";198.8;52.4756;2.4619;14454648
312;1;1;1;"Test Site 307";198.9;52.4757;2.4619;14454649
313;1;1;1;"Test Site 308";199.0;52.4758;2.462;14454650
314;2;2;1;"Test Site 309";199.1;52.4759;2.462;14454651
315;2;2;1;"Test Site 310";199.2;52.476;2.462;14454652
316;2;2;1;"Test Site 311";199.3;52.4761;2.462;14454653
317;2;3;1;"Test Site 312";199.4;52.4762;2.4621;14454654
318;2;3;1;"Test Site 313";199.5;52.4763;2.4621;14454655
319;2;1;1;"Test Site 314";199.6;52.4764;2.4621;14454656
320;2;2;1;"Test Site 315";199.7;52.4765;2.4622;14454657
321;2;3;1;"Test Site 316";199.8;52.4766;2.4622;14454658
322;3;2;1;"Test Site 317";199.9;52.4767;2.4622;14454659
323;3;3;1;"Test Site 318";200.0;52.4768;2.4622;14454660
324;3;3;1;"Test Site 319";200.1;52.4769;2.4623;14454661
325;3;2;1;"Test Site 320";200.2;52.477;2.4623;14454662
326;2;1;1;"Test Site 321";200.3;52.4771;2.4623;14454663
327;2;1;1;"Test Site 322";200.4;52.4772;2.4623;14454664
328;1;1;1;"Test Site 323";200.5;52.4773;2.4624;14454665
329;1;3;1;"Test Site 324";200.6;52.4774;2.4624;14454666
330;1;2;1;"Test Site 325";200.7;52.4775;2.4624;14454667
331;3;2;1;"Test Site 326";200.8;52.4776;2.4624;14454668
332;3;2;1;"Test Site 327";200.9;52.4777;2.4625;14454669
333;3;2;1;"Test Site 328";201.0;52.4778;2.4625;14454670
334;2;1;1;"Test Site 329";201.1;52.4779;2.4625;14454671
335;2;1;1;"Test Site 330";201.2;52.478;2.4625;14454672
336;2;1;1;"Test Site 331";201.3;52.4781;2.4626;14454673
337;1;1;1;"Test Site 332";201.4;52.4782;2.4626;14454674
338;1;1;1;"Test Site 333";201.5;52.4783;2.4626;14454675
339;1;1;1;"Test Site 334";201.6;52.4784;2.4626;14454676
340;1;1;1;"Test Site 335";201.7;52.4785;2.4627;14454677
341;1;1;1;"Test Site 336";201.8;52.4786;2.4627;14454678
342;1;1;1;"Test Site 337";201.9;52.4787;2.4627;14454679
343;1;1;1;"Test Site 338";202.0;52.4788;2.4627;14454680
344;2;2;1;"Test Site 339";202.1;52.4789;2.4628;14454681
345;2;2;1;"Test Site 340";202.2;52.479;2.4628;14454682
346;2;2;1;"Test Site 341";202.3;52.4791;2.4628;14454683
347;2;3;1;"Test Site 342";202.4;52.4792;2.4628;14454684
348;2;3;1;"Test Site 343";202.5;52.4793;2.4629;14454685
349;2;1;1;"Test Site 344";202.6;52.4794;2.4629;14454686
350;2;2;1;"Test Site 345";202.7;52.4795;2.4629;14454687
351;2;3;1;"Test Site 346";202.8;52.4796;2.4629;14454688
352;3;2;1;"Test Site 347";202.9;52.4797;2.463;14454689
353;3;3;1;"Test Site 348";203.0;52.4798;2.463;14454690
354;3;3;1;"Test Site 349";203.1;52.4799;2.463;14454691
355;3;2;1;"Test Site 350";203.2;52.48;2.4631;14454692
356;2;1;1;"Test Site 351";203.3;52.4801;2.4631;14454693
357;2;1;1;"Test Site 352";203.4;52.4802;2.4631;14454694
358;1;1;1;"Test Site 353";203.5;52.4803;2.4631;14454695
359;1;3;1;"Test Site 354";203.6;52.4804;2.4632;14454696
360;1;2;1;"Test Site 355";203.7;52.4805;2.4632;14454697
361;3;2;1;"Test Site 356";203.8;52.4806;2.4632;14454698
362;3;2;1;"Test Site 357";203.9;52.4807;2.4632;14454699
363;3;2;1;"Test Site 358";204.0;52.4808;2.4633;14454700
364;2;1;1;"Test Site 359";204.1;52.4809;2.4633;14454701
365;2;1;1;"Test Site 360";204.2;52.481;2.4633;14454702
366;2;1;1;"Test Site 361";204.3;52.4811;2.4633;14454703
367;1;1;1;"Test Site 362";204.4;52.4812;2.4634;14454704
368;1;1;1;"Test Site 363";204.5;52.4813;2.4634;14454705
369;1;1;1;"Test Site 364";204.6;52.4814;2.4634;14454706
370;1;1;1;"Test Site 365";204.7;52.4815;2.4634;14454707
371;1;1;1;"Test Site 366";204.8;52.4816;2.4635;14454708
372;1;1;1;"Test Site 367";204.9;52.4817;2.4635;14454709
373;1;1;1;"Test Site 368";205.0;52.4818;2.4635;14454710
374;2;2;1;"Test Site 369";205.1;52.4819;2.4635;14454711
375;2;2;1;"Test Site 370";205.2;52.482;2.4636;14454712
376;2;2;1;"Test Site 371";205.3;52.4821;2.4636;14454713
377;2;3;1;"Test Site 372";205.4;52.4822;2.4636;14454714
378;2;3;1;"Test Site 373";205.5;52.4823;2.4636;14454715
379;2;1;1;"Test Site 374";205.6;52.4824;2.4637;14454716
380;2;2;1;"Test Site 375";205.7;52.4825;2.4637;14454717
381;2;3;1;"Test Site 376";205.8;52.4826;2.4637;14454718
382;3;2;1;"Test Site 377";205.9;52.4827;2.4637;14454719
383;3;3;1;"Test Site 378";206.0;52.4828;2.4638;14454720
384;3;3;1;"Test Site 379";206.1;52.4829;2.4638;14454721
385;3;2;1;"Test Site 380";206.2;52.483;2.4638;14454722
386;2;1;1;"Test Site 381";206.3;52.4831;2.4638;14454723
387;2;1;1;"Test Site 382";206.4;52.4832;2.4639;14454724
388;1;1;1;"Test Site 383";206.5;52.4833;2.4639;14454725
389;1;3;1;"Test Site 384";206.6;52.4834;2.4639;14454726
390;1;2;1;"Test Site 385";206.7;52.4835;2.464;14454727
391;3;2;1;"Test Site 386";206.8;52.4836;2.464;14454728
392;3;2;1;"Test Site 387";206.9;52.4837;2.464;14454729
393;3;2;1;"Test Site 388";207.0;52.4838;2.464;14454730
394;2;1;1;"Test Site 389";207.1;52.4839;2.4641;14454731
395;2;1;1;"Test Site 390";207.2;52.484;2.4641;14454732
396;2;1;1;"Test Site 391";207.3;52.4841;2.4641;14454733
397;1;1;1;"Test Site 392";207.4;52.4842;2.4641;14454734
398;1;1;1;"Test Site 393";207.5;52.4843;2.4642;14454735
399;1;1;1;"Test Site 394";207.6;52.4844;2.4642;14454736
400;1;1;1;"Test Site 395";207.7;52.4845;2.4642;14454737
401;1;1;1;"Test Site 396";207.8;52.4846;2.4642;14454738
402;1;1;1;"Test Site 397";207.9;52.4847;2.4643;14454739
403;1;1;1;"Test Site 398";208.0;52.4848;2.4643;14454740
404;2;2;1;"Test Site 399";208.1;52.4849;2.4643;14454741
405;2;2;1;"Test Site 400";208.2;52.485;2.4643;14454742
406;2;2;1;"Test Site 401";208.3;52.4851;2.4644;14454743
407;2;3;1;"Test Site 402";208.4;52.4852;2.4644;14454744
408;2;3;1;"Test Site 403";208.5;52.4853;2.4644;14454745
409;2;1;1;"Test Site 404";208.6;52.4854;2.4644;14454746
410;2;2;1;"Test Site 405";208.7;52.4855;2.4645;14454747
411;2;3;1;"Test Site 406";208.8;52.4856;2.4645;14454748
412;3;2;1;"Test Site 407";208.9;52.4857;2.4645;14454749
413;3;3;1;"Test Site 408";209.0;52.4858;2.4645;14454750
414;3;3;1;"Test Site 409";209.1;52.4859;2.4646;14454751
415;3;2;1;"Test Site 410";209.2;52.486;2.4646;14454752
416;2;1;1;"Test Site 411";209.3;52.4861;2.4646;14454753
417;2;1;1;"Test Site 412";209.4;52.4862;2.4646;14454754
418;1;1;1;"Test Site 413";209.5;52.4863;2.4647;14454755
419;1;3;1;"Test Site 414";209.6;52.4864;2.4647;14454756
420;1;2;1;"Test Site 415";209.7;52.4865;2.4647;14454757
421;3;2;1;"Test Site 416";209.8;52.4866;2.4647;14454758
422;3;2;1;"Test Site 417";209.9;52.4867;2.4648;14454759
423;3;2;1;"Test Site 418";210.0;52.4868;2.4648;14454760
424;2;1;1;"Test Site 419";210.1;52.4869;2.4648;14454761
425;2;1;1;"Test Site 420";210.2;52.487;2.4649;14454762
426;2;1;1;"Test Site 421";210.3;52.4871;2.4649;14454763
427;1;1;1;"Test Site 422";210.4;52.4872;2.4649;14454764
428;1;1;1;"Test Site 423";210.5;52.4873;2.4649;14454765
429;1;1;1;"Test Site 424";210.6;52.4874;2.465;14454766
430;1;1;1;"Test Site 425";210.7;52.4875;2.465;14454767
431;1;1;1;"Test Site 426";210.8;52.4876;2.465;14454768
432;1;1;1;"Test Site 427";210.9;52.4877;2.465;14454769
433;1;1;1;"Test Site 428";211.0;52.4878;2.4651;14454770
434;2;2;1;"Test Site 429";211.1;52.4879;2.4651;14454771
435;2;2;1;"Test Site 430";211.2;52.488;2.4651;14454772
436;2;2;1;"Test Site 431";211.3;52.4881;2.4651;14454773
437;2;3;1;"Test Site 432";211.4;52.4882;2.4652;14454774
438;2;3;1;"Test Site 433";211.5;52.4883;2.4652;14454775
439;2;1;1;"Test Site 434";211.6;52.4884;2.4652;14454776
440;2;2;1;"Test Site 435";211.7;52.4885;2.4652;14454777
441;2;3;1;"Test Site 436";211.8;52.4886;2.4653;14454778
442;3;2;1;"Test Site 437";211.9;52.4887;2.4653;14454779
443;3;3;1;"Test Site 438";212.0;52.4888;2.4653;14454780
444;3;3;1;"Test Site 439";212.1;52.4889;2.4653;14454781
445;3;2;1;"Test Site 440";212.2;52.489;2.4654;14454782
446;2;1;1;"Test Site 441";212.3;52.4891;2.4654;14454783
447;2;1;1;"Test Site 442";212.4;52.4892;2.4654;14454784
448;1;1;1;"Test Site 443";212.5;52.4893;2.4654;14454785
449;1;3;1;"Test Site 444";212.6;52.4894;2.4655;14454786
450;1;2;1;"Test Site 445";212.7;52.4895;2.4655;14454787
451;3;2;1;"Test Site 446";212.8;52.4896;2.4655;14454788
452;3;2;1;"Test Site 447";212.9;52.4897;2.4655;14454789
453;3;2;1;"Test Site 448";213.0;52.4898;2.4656;14454790
454;2;1;1;"Test Site 449";213.1;52.4899;2.4656;14454791
455;2;1;1;"Test Site 450";213.2;52.49;2.4656;14454792
456;2;1;1;"Test Site 451";213.3;52.4901;2.4656;14454793
457;1;1;1;"Test Site 452";213.4;52.4902;2.4657;14454794
458;1;1;1;"Test Site 453";213.5;52.4903;2.4657;14454795
459;1;1;1;"Test Site 454";213.6;52.4904;2.4657;14454796
460;1;1;1;"Test Site 455";213.7;52.4905;2.4658;14454797
461;1;1;1;"Test Site 456";213.8;52.4906;2.4658;14454798
462;1;1;1;"Test Site 457";213.9;52.4907;2.4658;14454799
463;1;1;1;"Test Site 458";214.0;52.4908;2.4658;14454800
464;2;2;1;"Test Site 459";214.1;52.4909;2.4659;14454801
465;2;2;1;"Test Site 460";214.2;52.491;2.4659;14454802
466;2;2;1;"Test Site 461";214.3;52.4911;2.4659;14454803
467;2;3;1;"Test Site 462";214.4;52.4912;2.4659;14454804
468;2;3;1;"Test Site 463";214.5;52.4913;2.466;14454805
469;2;1;1;"Test Site 464";214.6;52.4914;2.466;14454806
470;2;2;1;"Test Site 465";214.7;52.4915;2.466;14454807
471;2;3;1;"Test Site 466";214.8;52.4916;2.466;14454808
472;3;2;1;"Test Site 467";214.9;52.4917;2.4661;14454809
473;3;3;1;"Test Site 468";215.0;52.4918;2.4661;14454810
474;3;3;1;"Test Site 469";215.1;52.4919;2.4661;14454811
475;3;2;1;"Test Site 470";215.2;52.492;2.4661;14454812
476;2;1;1;"Test Site 471";215.3;52.4921;2.4662;14454813
477;2;1;1;"Test Site 472";215.4;52.4922;2.4662;14454814
478;1;1;1;"Test Site 473";215.5;52.4923;2.4662;14454815
479;1;3;1;"Test Site 474";215.6;52.4924;2.4662;14454816
480;1;2;1;"Test Site 475";215.7;52.4925;2.4663;14454817
481;3;2;1;"Test Site 476";215.8;52.4926;2.4663;14454818
482;3;2;1;"Test Site 477";215.9;52.4927;2.4663;14454819
483;3;2;1;"Test Site 478";216.0;52.4928;2.4663;14454820
484;2;1;1;"Test Site 479";216.1;52.4929;2.4664;14454821
485;2;1;1;"Test Site 480";216.2;52.493;2.4664;14454822
486;2;1;1;"Test Site 481";216.3;52.4931;2.4664;14454823
487;1;1;1;"Test Site 482";216.4;52.4932;2.4664;14454824
488;1;1;1;"Test Site 483";216.5;52.4933;2.4665;14454825
489;1;1;1;"Test Site 484";216.6;52.4934;2.4665;14454826
490;1;1;1;"Test Site 485";216.7;52.4935;2.4665;14454827
491;1;1;1;"Test Site 486";216.8;52.4936;2.4665;14454828
492;1;1;1;"Test Site 487";216.9;52.4937;2.4666;14454829
493;1;1;1;"Test Site 488";217.0;52.4938;2.4666;14454830
494;2;2;1;"Test Site 489";217.1;52.4939;2.4666;14454831
495;2;2;1;"Test Site 490";217.2;52.494;2.4667;14454832
496;2;2;1;"Test Site 491";217.3;52.4941;2.4667;14454833
497;2;3;1;"Test Site 492";217.4;52.4942;2.4667;14454834
498;2;3;1;"Test Site 493";217.5;52.4943;2.4667;14454835
499;2;1;1;"Test Site 494";217.6;52.4944;2.4668;14454836
500;2;2;1;"Test Site 495";217.7;52.4945;2.4668;14454837
501;2;3;1;"Test Site 496";217.8;52.4946;2.4668;14454838
502;3;2;1;"Test Site 497";217.9;52.4947;2.4668;14454839
503;3;3;1;"Test Site 498";218.0;52.4948;2.4669;14454840
504;3;3;1;"Test Site 499";218.1;52.4949;2.4669;14454841
505;3;2;1;"Test Site 500";218.2;52.495;2.4669;14454842
506;2;1;1;"Test Site 501";218.3;52.4951;2.4669;14454843
507;2;1;1;"Test Site 502";218.4;52.4952;2.467;14454844
508;1;1;1;"Test Site 503";218.5;52.4953;2.467;14454845
509;1;3;1;"Test Site 504";218.6;52.4954;2.467;14454846
510;1;2;1;"Test Site 505";218.7;52.4955;2.467;14454847
511;3;2;1;"Test Site 506";218.8;52.4956;2.4671;14454848
512;3;2;1;"Test Site 507";218.9;52.4957;2.4671;14454849
513;3;2;1;"Test Site 508";219.0;52.4958;2.4671;14454850
514;2;1;1;"Test Site 509";219.1;52.4959;2.4671;14454851
515;2;1;1;"Test Site 510";219.2;52.496;2.4672;14454852
516;2;1;1;"Test Site 511";219.3;52.4961;2.4672;14454853
517;1;1;1;"Test Site 512";219.4;52.4962;2.4672;14454854
518;1;1;1;"Test Site 513";219.5;52.4963;2.4672;14454855
519;1;1;1;"Test Site 514";219.6;52.4964;2.4673;14454856
520;1;1;1;"Test Site 515";219.7;52.4965;2.4673;14454857
521;1;1;1;"Test Site 516";219.8;52.4966;2.4673;14454858
522;1;1;1;"Test Site 517";219.9;52.4967;2.4673;14454859
523;1;1;1;"Test Site 518";220.0;52.4968;2.4674;14454860
524;2;2;1;"Test Site 519";220.1;52.4969;2.4674;14454861
525;2;2;1;"Test Site 520";220.2;52.497;2.4674;14454862
526;2;2;1;"Test Site 521";220.3;52.4971;2.4674;14454863
527;2;3;1;"Test Site 522";220.4;52.4972;2.4675;14454864
528;2;3;1;"Test Site 523";220.5;52.4973;2.4675;14454865
529;2;1;1;"Test Site 524";220.6;52.4974;2.4675;14454866
530;2;2;1;"Test Site 525";220.7;52.4975;2.4676;14454867
531;2;3;1;"Test Site 526";220.8;52.4976;2.4676;14454868
532;3;2;1;"Test Site 527";220.9;52.4977;2.4676;14454869
533;3;3;1;"Test Site 528";221.0;52.4978;2.4676;14454870
534;3;3;1;"Test Site 529";221.1;52.4979;2.4677;14454871
535;3;2;1;"Test Site 530";221.2;52.498;2.4677;14454872
536;2;1;1;"Test Site 531";221.3;52.4981;2.4677;14454873
537;2;1;1;"Test Site 532";221.4;52.4982;2.4677;14454874
538;1;1;1;"Test Site 533";221.5;52.4983;2.4678;14454875
539;1;3;1;"Test Site 534";221.6;52.4984;2.4678;14454876
540;1;2;1;"Test Site 535";221.7;52.4985;2.4678;14454877
541;3;2;1;"Test Site 536";221.8;52.4986;2.4678;14454878
542;3;2;1;"Test Site 537";221.9;52.4987;2.4679;14454879
543;3;2;1;"Test Site 538";222.0;52.4988;2.4679;14454880
544;2;1;1;"Test Site 539";222.1;52.4989;2.4679;14454881
545;2;1;1;"Test Site 540";222.2;52.499;2.4679;14454882
546;2;1;1;"Test Site 541";222.3;52.4991;2.468;14454883
547;1;1;1;"Test Site 542";222.4;52.4992;2.468;14454884
548;1;1;1;"Test Site 543";222.5;52.4993;2.468;14454885
549;1;1;1;"Test Site 544";222.6;52.4994;2.468;14454886
550;1;1;1;"Test Site 545";222.7;52.4995;2.4681;14454887
551;1;1;1;"Test Site 546";222.8;52.4996;2.4681;14454888
552;1;1;1;"Test Site 547";222.9;52.4997;2.4681;14454889
553;1;1;1;"Test Site 548";223.0;52.4998;2.4681;14454890
554;2;2;1;"Test Site 549";223.1;52.4999;2.4682;14454891
555;2;2;1;"Test Site 550";223.2;52.5;2.4682;14454892
556;2;2;1;"Test Site 551";223.3;52.5001;2.4682;14454893
557;2;3;1;"Test Site 552";223.4;52.5002;2.4682;14454894
558;2;3;1;"Test Site 553";223.5;52.5003;2.4683;14454895
559;2;1;1;"Test Site 554";223.6;52.5004;2.4683;14454896
560;2;2;1;"Test Site 555";223.7;52.5005;2.4683;14454897
561;2;3;1;"Test Site 556";223.8;52.5006;2.4683;14454898
562;3;2;1;"Test Site 557";223.9;52.5007;2.4684;14454899
563;3;3;1;"Test Site 558";224.0;52.5008;2.4684;14454900
564;3;3;1;"Test Site 559";224.1;52.5009;2.4684;14454901
565;3;2;1;"Test Site 560";224.2;52.501;2.4685;14454902
566;2;1;1;"Test Site 561";224.3;52.5011;2.4685;14454903
567;2;1;1;"Test Site 562";224.4;52.5012;2.4685;14454904
568;1;1;1;"Test Site 563";224.5;52.5013;2.4685;14454905
569;1;3;1;"Test Site 564";224.6;52.5014;2.4686;14454906
570;1;2;1;"Test Site 565";224.7;52.5015;2.4686;14454907
571;3;2;1;"Test Site 566";224.8;52.5016;2.4686;14454908
572;3;2;1;"Test Site 567";224.9;52.5017;2.4686;14454909
573;3;2;1;"Test Site 568";225.0;52.5018;2.4687;14454910
574;2;1;1;"Test Site 569";225.1;52.5019;2.4687;14454911
575;2;1;1;"Test Site 570";225.2;52.502;2.4687;14454912
576;2;1;1;"Test Site 571";225.3;52.5021;2.4687;14454913
577;1;1;1;"Test Site 572";225.4;52.5022;2.4688;14454914
578;1;1;1;"Test Site 573";225.5;52.5023;2.4688;14454915
579;1;1;1;"Test Site 574";225.6;52.5024;2.4688;14454916
580;1;1;1;"Test Site 575";225.7;52.5025;2.4688;14454917
581;1;1;1;"Test Site 576";225.8;52.5026;2.4689;14454918
582;1;1;1;"Test Site 577";225.9;52.5027;2.4689;14454919
583;1;1;1;"Test Site 578";226.0;52.5028;2.4689;14454920
584;2;2;1;"Test Site 579";226.1;52.5029;2.4689;14454921
585;2;2;1;"Test Site 580";226.2;52.503;2.469;14454922
586;2;2;1;"Test Site 581";226.3;52.5031;2.469;14454923
587;2;3;1;"Test Site 582";226.4;52.5032;2.469;14454924
588;2;3;1;"Test Site 583";226.5;52.5033;2.469;14454925
589;2;1;1;"Test Site 584";226.6;52.5034;2.4691;14454926
590;2;2;1;"Test Site 585";226.7;52.5035;2.4691;14454927
591;2;3;1;"Test Site 586";226.8;52.5036;2.4691;14454928
592;3;2;1;"Test Site 587";226.9;52.5037;2.4691;14454929
593;3;3;1;"Test Site 588";227.0;52.5038;2.4692;14454930
594;3;3;1;"Test Site 589";227.1;52.5039;2.4692;14454931
595;3;2;1;"Test Site 590";227.2;52.504;2.4692;14454932
596;2;1;1;"Test Site 591";227.3;52.5041;2.4692;14454933
597;2;1;1;"Test Site 592";227.4;52.5042;2.4693;14454934
598;1;1;1;"Test Site 593";227.5;52.5043;2.4693;14454935
599;1;3;1;"Test Site 594";227.6;52.5044;2.4693;14454936
600;1;2;1;"Test Site 595";227.7;52.5045;2.4694;14454937
601;3;2;1;"Test Site 596";227.8;52.5046;2.4694;14454938
602;3;2;1;"Test Site 597";227.9;52.5047;2.4694;14454939
603;3;2;1;"Test Site 598";228.0;52.5048;2.4694;14454940
604;2;1;1;"Test Site 599";228.1;52.5049;2.4695;14454941
605;2;1;1;"Test Site 600";228.2;52.505;2.4695;14454942
606;2;1;1;"Test Site 601";228.3;52.5051;2.4695;14454943
607;1;1;1;"Test Site 602";228.4;52.5052;2.4695;14454944
608;1;1;1;"Test Site 603";228.5;52.5053;2.4696;14454945
609;1;1;1;"Test Site 604";228.6;52.5054;2.4696;14454946
610;1;1;1;"Test Site 605";228.7;52.5055;2.4696;14454947
611;1;1;1;"Test Site 606";228.8;52.5056;2.4696;14454948
612;1;1;1;"Test Site 607";228.9;52.5057;2.4697;14454949
613;1;1;1;"Test Site 608";229.0;52.5058;2.4697;14454950
614;2;2;1;"Test Site 609";229.1;52.5059;2.4697;14454951
615;2;2;1;"Test Site 610";229.2;52.506;2.4697;14454952
616;2;2;1;"Test Site 611";229.3;52.5061;2.4698;14454953
617;2;3;1;"Test Site 612";229.4;52.5062;2.4698;14454954
618;2;3;1;"Test Site 613";229.5;52.5063;2.4698;14454955
619;2;1;1;"Test Site 614";229.6;52.5064;2.4698;14454956
620;2;2;1;"Test Site 615";229.7;52.5065;2.4699;14454957
621;2;3;1;"Test Site 616";229.8;52.5066;2.4699;14454958
622;3;2;1;"Test Site 617";229.9;52.5067;2.4699;14454959
623;3;3;1;"Test Site 618";230.0;52.5068;2.4699;14454960
624;3;3;1;"Test Site 619";230.1;52.5069;2.47;14454961
625;3;2;1;"Test Site 620";230.2;52.507;2.47;14454962
626;2;1;1;"Test Site 621";230.3;52.5071;2.47;14454963
627;2;1;1;"Test Site 622";230.4;52.5072;2.47;14454964
628;1;1;1;"Test Site 623";230.5;52.5073;2.4701;14454965
629;1;3;1;"Test Site 624";230.6;52.5074;2.4701;14454966
630;1;2;1;"Test Site 625";230.7;52.5075;2.4701;14454967
631;3;2;1;"Test Site 626";230.8;52.5076;2.4701;14454968
632;3;2;1;"Test Site 627";230.9;52.5077;2.4702;14454969
633;3;2;1;"Test Site 628";231.0;52.5078;2.4702;14454970
634;2;1;1;"Test Site 629";231.1;52.5079;2.4702;14454971
635;2;1;1;"Test Site 630";231.2;52.508;2.4703;14454972
636;2;1;1;"Test Site 631";231.3;52.5081;2.4703;14454973
637;1;1;1;"Test Site 632";231.4;52.5082;2.4703;14454974
638;1;1;1;"Test Site 633";231.5;52.5083;2.4703;14454975
639;1;1;1;"Test Site 634";231.6;52.5084;2.4704;14454976
640;1;1;1;"Test Site 635";231.7;52.5085;2.4704;14454977
641;1;1;1;"Test Site 636";231.8;52.5086;2.4704;14454978
642;1;1;1;"Test Site 637";231.9;52.5087;2.4704;14454979
643;1;1;1;"Test Site 638";232.0;52.5088;2.4705;14454980
644;2;2;1;"Test Site 639";232.1;52.5089;2.4705;14454981
645;2;2;1;"Test Site 640";232.2;52.509;2.4705;14454982
646;2;2;1;"Test Site 641";232.3;52.5091;2.4705;14454983
647;2;3;1;"Test Site 642";232.4;52.5092;2.4706;14454984
648;2;3;1;"Test Site 643";232.5;52.5093;2.4706;14454985
649;2;1;1;"Test Site 644";232.6;52.5094;2.4706;14454986
650;2;2;1;"Test Site 645";232.7;52.5095;2.4706;14454987
651;2;3;1;"Test Site 646";232.8;52.5096;2.4707;14454988
652;3;2;1;"Test Site 647";232.9;52.5097;2.4707;14454989
653;3;3;1;"Test Site 648";233.0;52.5098;2.4707;14454990
654;3;3;1;"Test Site 649";233.1;52.5099;2.4707;14454991
655;3;2;1;"Test Site 650";233.2;52.51;2.4708;14454992
656;2;1;1;"Test Site 651";233.3;52.5101;2.4708;14454993
657;2;1;1;"Test Site 652";233.4;52.5102;2.4708;14454994
658;1;1;1;"Test Site 653";233.5;52.5103;2.4708;14454995
659;1;3;1;"Test Site 654";233.6;52.5104;2.4709;14454996
660;1;2;1;"Test Site 655";233.7;52.5105;2.4709;14454997
661;3;2;1;"Test Site 656";233.8;52.5106;2.4709;14454998
662;3;2;1;"Test Site 657";233.9;52.5107;2.4709;14454999
663;3;2;1;"Test Site 658";234.0;52.5108;2.471;14455000
664;2;1;1;"Test Site 659";234.1;52.5109;2.471;14455001
665;2;1;1;"Test Site 660";234.2;52.511;2.471;14455002
666;2;1;1;"Test Site 661";234.3;52.5111;2.471;14455003
667;1;1;1;"Test Site 662";234.4;52.5112;2.4711;14455004
668;1;1;1;"Test Site 663";234.5;52.5113;2.4711;14455005
669;1;1;1;"Test Site 664";234.6;52.5114;2.4711;14455006
670;1;1;1;"Test Site 665";234.7;52.5115;2.4712;14455007
671;1;1;1;"Test Site 666";234.8;52.5116;2.4712;14455008
672;1;1;1;"Test Site 667";234.9;52.5117;2.4712;14455009
673;1;1;1;"Test Site 668";235.0;52.5118;2.4712;14455010
674;2;2;1;"Test Site 669";235.1;52.5119;2.4713;14455011
675;2;2;1;"Test Site 670";235.2;52.512;2.4713;14455012
676;2;2;1;"Test Site 671";235.3;52.5121;2.4713;14455013
677;2;3;1;"Test Site 672";235.4;52.5122;2.4713;14455014
678;2;3;1;"Test Site 673";235.5;52.5123;2.4714;14455015
679;2;1;1;"Test Site 674";235.6;52.5124;2.4714;14455016
680;2;2;1;"Test Site 675";235.7;52.5125;2.4714;14455017
681;2;3;1;"Test Site 676";235.8;52.5126;2.4714;14455018
682;3;2;1;"Test Site 677";235.9;52.5127;2.4715;14455019
683;3;3;1;"Test Site 678";236.0;52.5128;2.4715;14455020
684;3;3;1;"Test Site 679";236.1;52.5129;2.4715;14455021
685;3;2;1;"Test Site 680";236.2;52.513;2.4715;14455022
686;2;1;1;"Test Site 681";236.3;52.5131;2.4716;14455023
687;2;1;1;"Test Site 682";236.4;52.5132;2.4716;14455024
688;1;1;1;"Test Site 683";236.5;52.5133;2.4716;14455025
689;1;3;1;"Test Site 684";236.6;52.5134;2.4716;14455026
690;1;2;1;"Test Site 685";236.7;52.5135;2.4717;14455027
691;3;2;1;"Test Site 686";236.8;52.5136;2.4717;14455028
692;3;2;1;"Test Site 687";236.9;52.5137;2.4717;14455029
693;3;2;1;"Test Site 688";237.0;52.5138;2.4717;14455030
694;2;1;1;"Test Site 689";237.1;52.5139;2.4718;14455031
695;2;1;1;"Test Site 690";237.2;52.514;2.4718;14455032
696;2;1;1;"Test Site 691";237.3;52.5141;2.4718;14455033
697;1;1;1;"Test Site 692";237.4;52.5142;2.4718;14455034
698;1;1;1;"Test Site 693";237.5;52.5143;2.4719;14455035
699;1;1;1;"Test Site 694";237.6;52.5144;2.4719;14455036
700;1;1;1;"Test Site 695";237.7;52.5145;2.4719;14455037
701;1;1;1;"Test Site 696";237.8;52.5146;2.4719;14455038
702;1;1;1;"Test Site 697";237.9;52.5147;2.472;14455039
703;1;1;1;"Test Site 698";238.0;52.5148;2.472;14455040
704;2;2;1;"Test Site 699";238.1;52.5149;2.472;14455041
705;2;2;1;"Test Site 700";238.2;52.515;2.4721;14455042
706;2;2;1;"Test Site 701";238.3;52.5151;2.4721;14455043
707;2;3;1;"Test Site 702";238.4;52.5152;2.4721;14455044
708;2;3;1;"Test Site 703";238.5;52.5153;2.4721;14455045
709;2;1;1;"Test Site 704";238.6;52.5154;2.4722;14455046
710;2;2;1;"Test Site 705";238.7;52.5155;2.4722;14455047
711;2;3;1;"Test Site 706";238.8;52.5156;2.4722;14455048
712;3;2;1;"Test Site 707";238.9;52.5157;2.4722;14455049
713;3;3;1;"Test Site 708";239.0;52.5158;2.4723;14455050
714;3;3;1;"Test Site 709";239.1;52.5159;2.4723;14455051
715;3;2;1;"Test Site 710";239.2;52.516;2.4723;14455052
716;2;1;1;"Test Site 711";239.3;52.5161;2.4723;14455053
717;2;1;1;"Test Site 712";239.4;52.5162;2.4724;14455054
718;1;1;1;"Test Site 713";239.5;52.5163;2.4724;14455055
719;1;3;1;"Test Site 714";239.6;52.5164;2.4724;14455056
720;1;2;1;"Test Site 715";239.7;52.5165;2.4724;14455057
721;3;2;1;"Test Site 716";239.8;52.5166;2.4725;14455058
722;3;2;1;"Test Site 717";239.9;52.5167;2.4725;14455059
723;3;2;1;"Test Site 718";240.0;52.5168;2.4725;14455060
724;2;1;1;"Test Site 719";240.1;52.5169;2.4725;14455061
725;2;1;1;"Test Site 720";240.2;52.517;2.4726;14455062
726;2;1;1;"Test Site 721";240.3;52.5171;2.4726;14455063
727;1;1;1;"Test Site 722";240.4;52.5172;2.4726;14455064
728;1;1;1;"Test Site 723";240.5;52.5173;2.4726;14455065
729;1;1;1;"Test Site 724";240.6;52.5174;2.4727;14455066
730;1;1;1;"Test Site 725";240.7;52.5175;2.4727;14455067
731;1;1;1;"Test Site 726";240.8;52.5176;2.4727;14455068
732;1;1;1;"Test Site 727";240.9;52.5177;2.4727;14455069
733;1;1;1;"Test Site 728";241.0;52.5178;2.4728;14455070
734;2;2;1;"Test Site 729";241.1;52.5179;2.4728;14455071
735;2;2;1;"Test Site 730";241.2;52.518;2.4728;14455072
736;2;2;1;"Test Site 731";241.3;52.5181;2.4728;14455073
737;2;3;1;"Test Site 732";241.4;52.5182;2.4729;14455074
738;2;3;1;"Test Site 733";241.5;52.5183;2.4729;14455075
739;2;1;1;"Test Site 734";241.6;52.5184;2.4729;14455076
740;2;2;1;"Test Site 735";241.7;52.5185;2.473;14455077
741;2;3;1;"Test Site 736";241.8;52.5186;2.473;14455078
742;3;2;1;"Test Site 737";241.9;52.5187;2.473;14455079
743;3;3;1;"Test Site 738";242.0;52.5188;2.473;14455080
744;3;3;1;"Test Site 739";242.1;52.5189;2.4731;14455081
745;3;2;1;"Test Site 740";242.2;52.519;2.4731;14455082
746;2;1;1;"Test Site 741";242.3;52.5191;2.4731;14455083
747;2;1;1;"Test Site 742";242.4;52.5192;2.4731;14455084
748;1;1;1;"Test Site 743";242.5;52.5193;2.4732;14455085
749;1;3;1;"Test Site 744";242.6;52.5194;2.4732;14455086
750;1;2;1;"Test Site 745";242.7;52.5195;2.4732;14455087
751;3;2;1;"Test Site 746";242.8;52.5196;2.4732;14455088
752;3;2;1;"Test Site 747";242.9;52.5197;2.4733;14455089
753;3;2;1;"Test Site 748";243.0;52.5198;2.4733;14455090
754;2;1;1;"Test Site 749";243.1;52.5199;2.4733;14455091
755;2;1;1;"Test Site 750";243.2;52.52;2.4733;14455092
756;2;1;1;"Test Site 751";243.3;52.5201;2.4734;14455093
757;1;1;1;"Test Site 752";243.4;52.5202;2.4734;14455094
758;1;1;1;"Test Site 753";243.5;52.5203;2.4734;14455095
759;1;1;1;"Test Site 754";243.6;52.5204;2.4734;14455096
760;1;1;1;"Test Site 755";243.7;52.5205;2.4735;14455097
761;1;1;1;"Test Site 756";243.8;52.5206;2.4735;14455098
762;1;1;1;"Test Site 757";243.9;52.5207;2.4735;14455099
763;1;1;1;"Test Site 758";244.0;52.5208;2.4735;14455100
764;2;2;1;"Test Site 759";244.1;52.5209;2.4736;14455101
765;2;2;1;"Test Site 760";244.2;52.521;2.4736;14455102
766;2;2;1;"Test Site 761";244.3;52.5211;2.4736;14455103
767;2;3;1;"Test Site 762";244.4;52.5212;2.4736;14455104
768;2;3;1;"Test Site 763";244.5;52.5213;2.4737;14455105
769;2;1;1;"Test Site 764";244.6;52.5214;2.4737;14455106
770;2;2;1;"Test Site 765";244.7;52.5215;2.4737;14455107
771;2;3;1;"Test Site 766";244.8;52.5216;2.4737;14455108
772;3;2;1;"Test Site 767";244.9;52.5217;2.4738;14455109
773;3;3;1;"Test Site 768";245.0;52.5218;2.4738;14455110
774;3;3;1;"Test Site 769";245.1;52.5219;2.4738;14455111
775;3;2;1;"Test Site 770";245.2;52.522;2.4739;14455112
776;2;1;1;"Test Site 771";245.3;52.5221;2.4739;14455113
777;2;1;1;"Test Site 772";245.4;52.5222;2.4739;14455114
778;1;1;1;"Test Site 773";245.5;52.5223;2.4739;14455115
779;1;3;1;"Test Site 774";245.6;52.5224;2.474;14455116
780;1;2;1;"Test Site 775";245.7;52.5225;2.474;14455117
781;3;2;1;"Test Site 776";245.8;52.5226;2.474;14455118
782;3;2;1;"Test Site 777";245.9;52.5227;2.474;14455119
783;3;2;1;"Test Site 778";246.0;52.5228;2.4741;14455120
784;2;1;1;"Test Site 779";246.1;52.5229;2.4741;14455121
785;2;1;1;"Test Site 780";246.2;52.523;2.4741;14455122
786;2;1;1;"Test Site 781";246.3;52.5231;2.4741;14455123
787;1;1;1;"Test Site 782";246.4;52.5232;2.4742;14455124
788;1;1;1;"Test Site 783";246.5;52.5233;2.4742;14455125
789;1;1;1;"Test Site 784";246.6;52.5234;2.4742;14455126
790;1;1;1;"Test Site 785";246.7;52.5235;2.4742;14455127
791;1;1;1;"Test Site 786";246.8;52.5236;2.4743;14455128
792;1;1;1;"Test Site 787";246.9;52.5237;2.4743;14455129
793;1;1;1;"Test Site 788";247.0;52.5238;2.4743;14455130
794;2;2;1;"Test Site 789";247.1;52.5239;2.4743;14455131
795;2;2;1;"Test Site 790";247.2;52.524;2.4744;14455132
796;2;2;1;"Test Site 791";247.3;52.5241;2.4744;14455133
797;2;3;1;"Test Site 792";247.4;52.5242;2.4744;14455134
798;2;3;1;"Test Site 793";247.5;52.5243;2.4744;14455135
799;2;1;1;"Test Site 794";247.6;52.5244;2.4745;14455136
800;2;2;1;"Test Site 795";247.7;52.5245;2.4745;14455137
801;2;3;1;"Test Site 796";247.8;52.5246;2.4745;14455138
802;3;2;1;"Test Site 797";247.9;52.5247;2.4745;14455139
803;3;3;1;"Test Site 798";248.0;52.5248;2.4746;14455140
804;3;3;1;"Test Site 799";248.1;52.5249;2.4746;14455141
805;3;2;1;"Test Site 800";248.2;52.525;2.4746;14455142
806;2;1;1;"Test Site 801";248.3;52.5251;2.4746;14455143
807;2;1;1;"Test Site 802";248.4;52.5252;2.4747;14455144
808;1;1;1;"Test Site 803";248.5;52.5253;2.4747;14455145
809;1;3;1;"Test Site 804";248.6;52.5254;2.4747;14455146
810;1;2;1;"Test Site 805";248.7;52.5255;2.4748;14455147
811;3;2;1;"Test Site 806";248.8;52.5256;2.4748;14455148
812;3;2;1;"Test Site 807";248.9;52.5257;2.4748;14455149
813;3;2;1;"Test Site 808";249.0;52.5258;2.4748;14455150
814;2;1;1;"Test Site 809";249.1;52.5259;2.4749;14455151
815;2;1;1;"Test Site 810";249.2;52.526;2.4749;14455152
816;2;1;1;"Test Site 811";249.3;52.5261;2.4749;14455153
817;1;1;1;"Test Site 812";249.4;52.5262;2.4749;14455154
818;1;1;1;"Test Site 813";249.5;52.5263;2.475;14455155
819;1;1;1;"Test Site 814";249.6;52.5264;2.475;14455156
820;1;1;1;"Test Site 815";249.7;52.5265;2.475;14455157
821;1;1;1;"Test Site 816";249.8;52.5266;2.475;14455158
822;1;1;1;"Test Site 817";249.9;52.5267;2.4751;14455159
823;1;1;1;"Test Site 818";250.0;52.5268;2.4751;14455160
824;2;2;1;"Test Site 819";250.1;52.5269;2.4751;14455161
825;2;2;1;"Test Site 820";250.2;52.527;2.4751;14455162
826;2;2;1;"Test Site 821";250.3;52.5271;2.4752;14455163
827;2;3;1;"Test Site 822";250.4;52.5272;2.4752;14455164
828;2;3;1;"Test Site 823";250.5;52.5273;2.4752;14455165
829;2;1;1;"Test Site 824";250.6;52.5274;2.4752;14455166
830;2;2;1;"Test Site 825";250.7;52.5275;2.4753;14455167
831;2;3;1;"Test Site 826";250.8;52.5276;2.4753;14455168
832;3;2;1;"Test Site 827";250.9;52.5277;2.4753;14455169
833;3;3;1;"Test Site 828";251.0;52.5278;2.4753;14455170
834;3;3;1;"Test Site 829";251.1;52.5279;2.4754;14455171
835;3;2;1;"Test Site 830";251.2;52.528;2.4754;14455172
836;2;1;1;"Test Site 831";251.3;52.5281;2.4754;14455173
837;2;1;1;"Test Site 832";251.4;52.5282;2.4754;14455174
838;1;1;1;"Test Site 833";251.5;52.5283;2.4755;14455175
839;1;3;1;"Test Site 834";251.6;52.5284;2.4755;14455176
840;1;2;1;"Test Site 835";251.7;52.5285;2.4755;14455177
841;3;2;1;"Test Site 836";251.8;52.5286;2.4755;14455178
842;3;2;1;"Test Site 837";251.9;52.5287;2.4756;14455179
843;3;2;1;"Test Site 838";252.0;52.5288;2.4756;14455180
844;2;1;1;"Test Site 839";252.1;52.5289;2.4756;14455181
845;2;1;1;"Test Site 840";252.2;52.529;2.4757;14455182
846;2;1;1;"Test Site 841";252.3;52.5291;2.4757;14455183
847;1;1;1;"Test Site 842";252.4;52.5292;2.4757;14455184
848;1;1;1;"Test Site 843";252.5;52.5293;2.4757;14455185
849;1;1;1;"Test Site 844";252.6;52.5294;2.4758;14455186
850;1;1;1;"Test Site 845";252.7;52.5295;2.4758;14455187
851;1;1;1;"Test Site 846";252.8;52.5296;2.4758;14455188
852;1;1;1;"Test Site 847";252.9;52.5297;2.4758;14455189
853;1;1;1;"Test Site 848";253.0;52.5298;2.4759;14455190
854;2;2;1;"Test Site 849";253.1;52.5299;2.4759;14455191
855;2;2;1;"Test Site 850";253.2;52.53;2.4759;14455192
856;2;2;1;"Test Site 851";253.3;52.5301;2.4759;14455193
857;2;3;1;"Test Site 852";253.4;52.5302;2.476;14455194
858;2;3;1;"Test Site 853";253.5;52.5303;2.476;14455195
859;2;1;1;"Test Site 854";253.6;52.5304;2.476;14455196
860;2;2;1;"Test Site 855";253.7;52.5305;2.476;14455197
861;2;3;1;"Test Site 856";253.8;52.5306;2.4761;14455198
862;3;2;1;"Test Site 857";253.9;52.5307;2.4761;14455199
863;3;3;1;"Test Site 858";254.0;52.5308;2.4761;14455200
864;3;3;1;"Test Site 859";254.1;52.5309;2.4761;14455201
865;3;2;1;"Test Site 860";254.2;52.531;2.4762;14455202
866;2;1;1;"Test Site 861";254.3;52.5311;2.4762;14455203
867;2;1;1;"Test Site 862";254.4;52.5312;2.4762;14455204
868;1;1;1;"Test Site 863";254.5;52.5313;2.4762;14455205
869;1;3;1;"Test Site 864";254.6;52.5314;2.4763;14455206
870;1;2;1;"Test Site 865";254.7;52.5315;2.4763;14455207
871;3;2;1;"Test Site 866";254.8;52.5316;2.4763;14455208
872;3;2;1;"Test Site 867";254.9;52.5317;2.4763;14455209
873;3;2;1;"Test Site 868";255.0;52.5318;2.4764;14455210
874;2;1;1;"Test Site 869";255.1;52.5319;2.4764;14455211
875;2;1;1;"Test Site 870";255.2;52.532;2.4764;14455212
876;2;1;1;"Test Site 871";255.3;52.5321;2.4764;14455213
877;1;1;1;"Test Site 872";255.4;52.5322;2.4765;14455214
878;1;1;1;"Test Site 873";255.5;52.5323;2.4765;14455215
879;1;1;1;"Test Site 874";255.6;52.5324;2.4765;14455216
880;1;1;1;"Test Site 875";255.7;52.5325;2.4766;14455217
881;1;1;1;"Test Site 876";255.8;52.5326;2.4766;14455218
882;1;1;1;"Test Site 877";255.9;52.5327;2.4766;14455219
883;1;1;1;"Test Site 878";256.0;52.5328;2.4766;14455220
884;2;2;1;"Test Site 879";256.1;52.5329;2.4767;14455221
885;2;2;1;"Test Site 880";256.2;52.533;2.4767;14455222
886;2;2;1;"Test Site 881";256.3;52.5331;2.4767;14455223
887;2;3;1;"Test Site 882";256.4;52.5332;2.4767;14455224
888;2;3;1;"Test Site 883";256.5;52.5333;2.4768;14455225
889;2;1;1;"Test Site 884";256.6;52.5334;2.4768;14455226
890;2;2;1;"Test Site 885";256.7;52.5335;2.4768;14455227
891;2;3;1;"Test Site 886";256.8;52.5336;2.4768;14455228
892;3;2;1;"Test Site 887";256.9;52.5337;2.4769;14455229
893;3;3;1;"Test Site 888";257.0;52.5338;2.4769;14455230
894;3;3;1;"Test Site 889";257.1;52.5339;2.4769;14455231
895;3;2;1;"Test Site 890";257.2;52.534;2.4769;14455232
896;2;1;1;"Test Site 891";257.3;52.5341;2.477;14455233
897;2;1;1;"Test Site 892";257.4;52.5342;2.477;14455234
898;1;1;1;"Test Site 893";257.5;52.5343;2.477;14455235
899;1;3;1;"Test Site 894";257.6;52.5344;2.477;14455236
900;1;2;1;"Test Site 895";257.7;52.5345;2.4771;14455237
901;3;2;1;"Test Site 896";257.8;52.5346;2.4771;14455238
902;3;2;1;"Test Site 897";257.9;52.5347;2.4771;14455239
903;3;2;1;"Test Site 898";258.0;52.5348;2.4771;14455240
904;2;1;1;"Test Site 899";258.1;52.5349;2.4772;14455241
905;2;1;1;"Test Site 900";258.2;52.535;2.4772;14455242
906;2;1;1;"Test Site 901";258.3;52.5351;2.4772;14455243
907;1;1;1;"Test Site 902";258.4;52.5352;2.4772;14455244
908;1;1;1;"Test Site 903";258.5;52.5353;2.4773;14455245
909;1;1;1;"Test Site 904";258.6;52.5354;2.4773;14455246
910;1;1;1;"Test Site 905";258.7;52.5355;2.4773;14455247
911;1;1;1;"Test Site 906";258.8;52.5356;2.4773;14455248
912;1;1;1;"Test Site 907";258.9;52.5357;2.4774;14455249
913;1;1;1;"Test Site 908";259.0;52.5358;2.4774;14455250
914;2;2;1;"Test Site 909";259.1;52.5359;2.4774;14455251
915;2;2;1;"Test Site 910";259.2;52.536;2.4775;14455252
916;2;2;1;"Test Site 911";259.3;52.5361;2.4775;14455253
917;2;3;1;"Test Site 912";259.4;52.5362;2.4775;14455254
918;2;3;1;"Test Site 913";259.5;52.5363;2.4775;14455255
919;2;1;1;"Test Site 914";259.6;52.5364;2.4776;14455256
920;2;2;1;"Test Site 915";259.7;52.5365;2.4776;14455257
921;2;3;1;"Test Site 916";259.8;52.5366;2.4776;14455258
922;3;2;1;"Test Site 917";259.9;52.5367;2.4776;14455259
923;3;3;1;"Test Site 918";260.0;52.5368;2.4777;14455260
924;3;3;1;"Test Site 919";260.1;52.5369;2.4777;14455261
925;3;2;1;"Test Site 920";260.2;52.537;2.4777;14455262
926;2;1;1;"Test Site 921";260.3;52.5371;2.4777;14455263
927;2;1;1;"Test Site 922";260.4;52.5372;2.4778;14455264
928;1;1;1;"Test Site 923";260.5;52.5373;2.4778;14455265
929;1;3;1;"Test Site 924";260.6;52.5374;2.4778;14455266
930;1;2;1;"Test Site 925";260.7;52.5375;2.4778;14455267
931;3;2;1;"Test Site 926";260.8;52.5376;2.4779;14455268
932;3;2;1;"Test Site 927";260.9;52.5377;2.4779;14455269
933;3;2;1;"Test Site 928";261.0;52.5378;2.4779;14455270
934;2;1;1;"Test Site 929";261.1;52.5379;2.4779;14455271
935;2;1;1;"Test Site 930";261.2;52.538;2.478;14455272
936;2;1;1;"Test Site 931";261.3;52.5381;2.478;14455273
937;1;1;1;"Test Site 932";261.4;52.5382;2.478;14455274
938;1;1;1;"Test Site 933";261.5;52.5383;2.478;14455275
939;1;1;1;"Test Site 934";261.6;52.5384;2.4781;14455276
940;1;1;1;"Test Site 935";261.7;52.5385;2.4781;14455277
941;1;1;1;"Test Site 936";261.8;52.5386;2.4781;14455278
942;1;1;1;"Test Site 937";261.9;52.5387;2.4781;14455279
943;1;1;1;"Test Site 938";262.0;52.5388;2.4782;14455280
944;2;2;1;"Test Site 939";262.1;52.5389;2.4782;14455281
945;2;2;1;"Test Site 940";262.2;52.539;2.4782;14455282
946;2;2;1;"Test Site 941";262.3;52.5391;2.4782;14455283
947;2;3;1;"Test Site 942";262.4;52.5392;2.4783;14455284
948;2;3;1;"Test Site 943";262.5;52.5393;2.4783;14455285
949;2;1;1;"Test Site 944";262.6;52.5394;2.4783;14455286
950;2;2;1;"Test Site 945";262.7;52.5395;2.4784;14455287
951;2;3;1;"Test Site 946";262.8;52.5396;2.4784;14455288
952;3;2;1;"Test Site 947";262.9;52.5397;2.4784;14455289
953;3;3;1;"Test Site 948";263.0;52.5398;2.4784;14455290
954;3;3;1;"Test Site 949";263.1;52.5399;2.4785;14455291
955;3;2;1;"Test Site 950";263.2;52.54;2.4785;14455292
956;2;1;1;"Test Site 951";263.3;52.5401;2.4785;14455293
957;2;1;1;"Test Site 952";263.4;52.5402;2.4785;14455294
958;1;1;1;"Test Site 953";263.5;52.5403;2.4786;14455295
959;1;3;1;"Test Site 954";263.6;52.5404;2.4786;14455296
960;1;2;1;"Test Site 955";263.7;52.5405;2.4786;14455297
961;3;2;1;"Test Site 956";263.8;52.5406;2.4786;14455298
962;3;2;1;"Test Site 957";263.9;52.5407;2.4787;14455299
963;3;2;1;"Test Site 958";264.0;52.5408;2.4787;14455300
964;2;1;1;"Test Site 959";264.1;52.5409;2.4787;14455301
965;2;1;1;"Test Site 960";264.2;52.541;2.4787;14455302
